{"Sand Ditch simulation":{"SimulTime_s":80.7799999714,"L_Unit":1.0,"T_Unit":1.0,"Category":3.0,"MaxIt":10.0,"TolTh":0.001,"TolH":1.0,"InitH\/W":1.0,"lWat":1.0,"lChem":0.0,"lSink":0.0,"Short":0.0,"Inter":0.0,"lScrn":1.0,"AtmIn":1.0,"lTemp":0.0,"lWTDep":0.0,"lEquil":1.0,"lExtGen":1.0,"lInv":0.0,"lUnsatCh":0.0,"lCFSTr":0.0,"lHP2":0.0,"m_lActRSU":0.0,"lDummy":0.0,"NMat":3.0,"NLay":1.0,"hTab1":10000.0,"hTabN":10000.0,"NAniz":1.0,"Model":3.0,"Hysteresis":0.0,"thr":0.045,"ths":0.43,"Alfa":0.145,"n":2.68,"Ks":0.495,"l":0.5,"dt":0.001,"dtMin":0.00001,"dtMax":7200.0,"DMul":1.3,"DMul2":0.7,"ItMin":3.0,"ItMax":7.0,"MPL":10.0,"tInit":0.0,"tMax":1440.0,"NumNPD":8250.0,"NumElD":29738.0,"NumBPD":518.0,"MBandD":30.0,"NSeepD":1.0,"NumSPD":1.0,"NDrD":1.0,"NElDrD":20.0,"NMatD":3.0,"NObsD":1.0,"NSD":1.0,"NAnis":1.0,"TLevel_i":1.0,"Time_i":0.001,"dt_i":0.001,"Iter_i":2.0,"ItCum_i":2.0,"TLevel_e":565.0,"Time_e":1440.0,"dt_e":114.75,"Iter_e":3.0,"ItCum_e":2214.0,"TimeBC0":60.0,"CumQ3BC0":-2400.0,"hAtmBC0":-4.0,"hKode3BC0":10.7,"A-levelBC0":1.0,"hCritABC0":10000.0,"Flux_rtBC0":-2.0,"TimeBC1":1440.0,"CumQ3BC1":-2400.0,"hAtmBC1":-28.2,"hKode3BC1":-25.9,"A-levelBC1":2.0,"hCritABC1":10000.0,"Flux_rtBC1":0.0,"InFlow0":0.0,"InFlow5":39.996,"InFlow15":39.998,"InFlow30":40.001,"InFlow60":39.999,"InFlow120":-0.24252,"InFlow180":-0.18336,"InFlow240":-0.12746,"InFlow500":-0.041062,"InFlow720":-0.023799,"InFlow1440":-0.011621,"VolumeW0":3798.8,"VolumeW5":3998.8,"VolumeW15":4398.8,"VolumeW30":4998.8,"VolumeW60":6198.7,"VolumeW120":6191.2,"VolumeW180":6178.2,"VolumeW240":6169.4,"VolumeW500":6151.4,"VolumeW720":6144.9,"VolumeW1440":6134.4,"WatBalR0":null,"WatBalR5":0.008,"WatBalR15":0.0,"WatBalR30":0.0,"WatBalR60":0.004,"WatBalR120":0.009,"WatBalR180":0.008,"WatBalR240":0.007,"WatBalR500":0.006,"WatBalR720":0.006,"WatBalR1440":0.005,"WatBalT0":null,"WatBalT5":0.030824,"WatBalT15":-0.00018239,"WatBalT30":-0.0046139,"WatBalT60":-0.099587,"WatBalT120":-0.22575,"WatBalT180":-0.19091,"WatBalT240":-0.1791,"WatBalT500":-0.14819,"WatBalT720":-0.14151,"WatBalT1440":-0.11408,"hMean0":-189.99,"hMean5":-123.71,"hMean15":-112.81,"hMean30":-98.652,"hMean60":-67.802,"hMean120":-45.578,"hMean180":-37.625,"hMean240":-32.564,"hMean500":-23.068,"hMean720":-20.772,"hMean1440":-19.604,"VarFluxArea":19.99998,"AtmosArea":990.2325,"DrainageArea":12.09827}}